{
  "architecture": "physicsnemo.models.meshgraphnet.MeshGraphNet",
  "input_features": [
    "mean_shape_x",
    "mean_shape_y",
    "mean_shape_z",
    "pca_c1",
    "pca_c2",
    "pca_c3",
    "pca_c4",
    "pca_c5",
    "pca_c6",
    "pca_c7",
    "pca_c8",
    "pca_c9",
    "pca_c10",
    "pca_c11",
    "pca_c12",
    "pca_c13",
    "pca_c14",
    "pca_c15",
    "stage"
  ],
  "output_features": [
    "dx",
    "dy",
    "dz"
  ],
  "in_features": 19,
  "n_mesh_points": 167240,
  "epochs": 1500,
  "learning_rate": 0.001,
  "batch_size_samples": 4,
  "coordinate_mean": [
    -7.199598789215088,
    -3.9089744091033936,
    9.961953163146973
  ],
  "coordinate_scale": [
    30.08570671081543,
    27.07874298095703,
    29.782752990722656
  ],
  "pca_mean": [
    0.7269748449325562,
    -0.07803090661764145,
    -1.3384027481079102,
    0.021359410136938095,
    -0.3058125376701355,
    -0.12345822155475616,
    -0.14261603355407715,
    -0.9997884035110474,
    0.4026827812194824,
    -0.5299767255783081,
    -0.43278786540031433,
    0.7046552300453186,
    0.13237492740154266,
    0.4630051255226135,
    0.6216614842414856
  ],
  "pca_scale": [
    0.7048464417457581,
    0.557181715965271,
    0.5016987323760986,
    0.4974881112575531,
    0.7341663241386414,
    0.6494237184524536,
    0.7575852274894714,
    0.6247227787971497,
    0.6713169813156128,
    0.8278525471687317,
    0.9181209802627563,
    0.9691786170005798,
    0.6127719879150391,
    1.4163326025009155,
    1.1147863864898682
  ],
  "displacement_scale": 21.72310447692871,
  "displacement_convention": "Option B: relative to subject reference surface",
  "resumed_from": "C:\\src\\Projects\\PhysioTwin4D\\physiotwin4d\\tutorials\\output\\tutorial_09_byod_mgn_2\\mgn_stage_model_epoch_00200.pt",
  "processor_size": 3,
  "hidden_dim": 128,
  "num_layers": 2,
  "num_processor_checkpoint_segments": 0,
  "input_dim_edges": 4
}